name,price,brand,size,instance_id
Sony microSDXC UHS-1 U3 128GB memóriakártya + adapter (SRG1UZA),69890.0,SONY,128 GB,altosight.com//26
SanDisk Cruzer U &quot;Pink&quot; 32 GB-os Pendrive,7490.0,SANDISK,32 GB,altosight.com//59
"SANDISK DUAL DRIVE, TYPE-C, USB 3.0, 32GB, 150 MB/S",9990.0,SANDISK,32 GB,altosight.com//67
LEXAR USB 16GB V-10,15.0,LEXAR,16 GB,altosight.com//149
SANDISK Ultra Performance Class 10 microSD Memory Card - 16 GB,19.99,SANDISK,16 GB,altosight.com//205
SANDISK Ultra Plus Class 10 SD Memory Card - 128 GB,69.99,SANDISK,128 GB,altosight.com//208
"Wysokiej jako?ci karta pami?ci microSD SR-UZA, która zosta?a zaprojektowana do zapisu zdj?? w wysokiej rozdzielczo?ci, obs?ugi szybkich trybów zdj?? seryjnych oraz filmowania w rozdzielczo?ci 4K lub Full HD (XAVC S), w trakcie korzystania z urz?dze? takich jak np. zaawansowane smartfony, tablety czy kamery sportowe. Wytrzyma?a obudowa zapewnia bezpiecze?stwo danych i odporno?? na wstrz?sy, kurz, py?, wilgo?, promieniowanie rentgenowskie i skrajne temperatury. Szybki odczyt wynosz?cy 95 MB/s i pozwala na swobodn? prac? w cyfrowej ciemni czy studiu monta?owym z profesjonalnymi aparatami cyfrowymi i kamerami. W zestawie z adapterem umo?liwiaj?cym ?atwe przes?anie danych z i do pami?ci komputera.",769.0,SONY,128 GB,altosight.com//305
"Karta pami?ci SDHC (Secure Digital High Capacity) gwarantuj?ca minimaln? szybko?? transferu 4 MB/s, kompatybilna tylko z urz?dzeniami obs?uguj?cymi standard SDHC. Obj?ta wieczyst? gwarancj?.",,Kingston,16 GB,altosight.com//328
Clé USB Lexar V30 64 GB USB 2.0 (4169433),29.9,LEXAR,64 GB,altosight.com//436
Clé USB Lexar P20 USB 3.0 64 GO (4187385),61.35,LEXAR,64 GB,altosight.com//439
Clé USB Lexar JumpDrive V10 16 Go USB 2.0 - JumpDriveV10 (1353950),13.02,LEXAR,16 GB,altosight.com//440
Clé USB Sandisk Cl&amp;eacute; USB 8GB Sandisk Cruzer Blade - Sous Blister,7.91,SANDISK,8 GB,altosight.com//455
Clé USB Sandisk CRUZER FIT 8 GO USB2.0,14.71,SANDISK,8 GB,altosight.com//466
Clé USB Sandisk GLIDE 64 GB 3.0,23.89,SANDISK,64 GB,altosight.com//478
Clé USB Sandisk Sandisk scalable 64 go usb 3.0,35.0,SANDISK,64 GB,altosight.com//484
Clé USB Sony Clé USB OTG 64Go tyce C et USB 3.1 - Clé USB USB OTG type C 64 Go (4190106),59.99,SONY,64 GB,altosight.com//502
Clé USB Sony SERIE W 3.1 128 GB (4246470),81.9,SONY,128 GB,altosight.com//503
Clé USB Sony Style Micro Vault 32Go USB 2.0 Blanc - STYLE (1348817),32.9,SONY,32 GB,altosight.com//508
Clé USB Toshiba U302 USB3.0 128GB (4208668),52.72,TOSHIBA,128 GB,altosight.com//513
Clé USB Intenso Cl&amp;eacute; USB 16GB Intenso FlashDrive Premium Line 3.0 - blister aluminium (MK935883081),14.74,Intenso,16 GB,altosight.com//534
Clé USB Intenso Cl&amp;eacute; USB 8GB Intenso Basic Line - Sous blister (MK48429957),7.88,Intenso,8 GB,altosight.com//555
Clé USB Kingston Cl&amp;eacute; USB 8GB Kingston DT101 G2 - Sous Blister,35.63,Kingston,8 GB,altosight.com//569
Clé USB Kingston Technology DataTraveler microDuo 3C 16GB 16Go USB 3.0 (3.1 Gen 1) Type-A/Type-C Argent lecteur USB flash (MK346766127),22.51,Kingston,16 GB,altosight.com//584
Clé USB Lexar JumpDrive V30 Flash USB 2.0 64 Go Blanc / Violet (MK1374912696),28.71,LEXAR,64 GB,altosight.com//599
Clé USB Sandisk Cl&amp;amp;eacute; USB 8GB Sandisk Cruzer Blade - Sous Blister,399.0,SANDISK,8 GB,altosight.com//609
Clé USB Toshiba Clé usb toshiba thn-u382w0320e4 32 gb blanc,22.57,TOSHIBA,32 GB,altosight.com//636
Clé USB Toshiba TransMemory U302 16GB USB 3.0 Bleu lecteur USB flash (MK885964897),11.4,TOSHIBA,16 GB,altosight.com//641
Clé USB Toshiba TransMemory U302 16Go USB 3.0 (3.1 Gen 1) Type A Noir lecteur USB flash (MK283563434),17.01,TOSHIBA,16 GB,altosight.com//642
Clé USB Toshiba TransMemory U302 16Go USB 3.0 (3.1 Gen 1) Type A Rouge lecteur USB flash (MK2093845391),17.0,TOSHIBA,16 GB,altosight.com//643
Carte SD Kingston SD UHS-I U3 - 256Go,160.28,Kingston,256 GB,altosight.com//663
Carte SD Kingston SD UHS-I U3 - 256Go,156.42,Kingston,256 GB,altosight.com//808
Kingston HyperX Savage 128GB USB 3.1,299.0,Kingston,128 GB,altosight.com//1067
SanDisk Cruzer Ultra Flair 256GB USB 3.0,359.0,SANDISK,256 GB,altosight.com//1083
SONY - Micro SD 16GB + adattatore&nbsp;,12.0,SONY,16 GB,altosight.com//1166
TOSHIBA - MICRO SD-HC 32GB 90MB/S&nbsp;BIANCO,17.99,TOSHIBA,32 GB,altosight.com//1184
TOSHIBA - scheda di memoria SDHC 32GB - Exceria - 95MB/s-U3&nbsp;NERO E GRIGIO,19.99,TOSHIBA,32 GB,altosight.com//1190
LEXAR - Jumpdrive V10 16GB&nbsp;Azzurro,12.9,LEXAR,16 GB,altosight.com//1199
SANDISK - SanDisk Glide 8Gb&nbsp;,8.99,SANDISK,8 GB,altosight.com//1214
SONY - USM32GM 32Gb&nbsp;Bianco,29.9,SONY,32 GB,altosight.com//1244
SONY - USM64GR USB flash drives&nbsp;,59.9,SONY,64 GB,altosight.com//1251
SONY - USM8GR 8Gb&nbsp;Nero,8.99,SONY,8 GB,altosight.com//1256
SONY - USM8GR&nbsp;Nero,8.99,SONY,8 GB,altosight.com//1257
Lecteur flash Sony Double Connecteur USB Type-C et type A 64 Go + Housse en silicone,,SONY,64 GB,altosight.com//1288
DataTraveler 101 G2 - Lecteur flash USB - 8 Go - Hi-Speed USB - rouge,,Kingston,8 GB,altosight.com//1290
SanDisk - carte mémoire flash - 4 Go - SDHC,,SANDISK,4 GB,altosight.com//1299
SanDisk Mobile Ultra - carte mémoire flash - 4 Go - microSDHC UHS-I,,SANDISK,4 GB,altosight.com//1304
Toshiba EXCERIA - carte mémoire flash - 16 Go - microSDHC UHS-I,,TOSHIBA,16 GB,altosight.com//1344
Kingston - carte mémoire flash - 256 Go - SDXC UHS-I,,Kingston,256 GB,altosight.com//1351
Kingston - carte mémoire flash - 512 Go - SDXC UHS-I,,Kingston,512 GB,altosight.com//1359
Sony USM16GQX Noir,,SONY,16 GB,altosight.com//1371
Usb Key 8 Gb 2 Year Warranty,,SONY,8 GB,altosight.com//1373
Transcend Ultimate series - carte mémoire flash - 32 Go - SDHC UHS-II,,Transcend,32 GB,altosight.com//1388
SanDisk Carte mémoire Extreme Pro SDHC 8 Go Class UHS-I,,SANDISK,8 GB,altosight.com//1420
SanDisk Carte mémoire Mobile Ultra microSDHC 4 Go Class6 + Adaptateur SD,,SANDISK,4 GB,altosight.com//1428
Lexar JumpDrive V30 - unidad flash USB - 64 GB en Fnac.es,29.99,LEXAR,64 GB,altosight.com//1448
Memoria USB Lexar JumpDrive S70 64GB Pendrive en Fnac.es,,LEXAR,64 GB,altosight.com//1456
Memoria USB Lexar JumpDrive V10 16 GB Pendrive en Fnac.es,,LEXAR,16 GB,altosight.com//1457
Memoria USB Sandisk Cruzer Edge 8 GB Pendrive en Fnac.es,,SANDISK,8 GB,altosight.com//1464
Memoria USB Sandisk Cruzer Fit 4GB Pendrive en Fnac.es,,SANDISK,4 GB,altosight.com//1469
Memoria USB Sandisk Cruzer Fit 8GB Pendrive en Fnac.es,,SANDISK,8 GB,altosight.com//1470
Memoria USB Sony Micro Vault Style 32 GB color blanco Pendrive en Fnac.es,,SONY,32 GB,altosight.com//1481
Memoria USB Sony Micro Vault USM8GR Pendrive 8 GB en Fnac.es,,SONY,8 GB,altosight.com//1485
"Sandisk - Cruzer Blade, 8gb en Fnac.es",,SANDISK,8 GB,altosight.com//1514
Intenso USB Drive 8GB - Pendrive / Memoria USB en Fnac.es,,Intenso,8 GB,altosight.com//1528
Sandisk Cruzer Fit 4GB - Pendrive / Memoria USB en Fnac.es,,SANDISK,4 GB,altosight.com//1532
Lexar JumpDrive P20 64GB - Pendrive / Memoria USB en Fnac.es,,LEXAR,64 GB,altosight.com//1542
Intenso Usb-drive 3.0 Premium Line 16 GB USB Stick -argent en Fnac.es,,Intenso,16 GB,altosight.com//1598
Memoria microSDHC Lexar 256GB 1000x UHS-II + Lector USB,343.99,LEXAR,256 GB,altosight.com//1706
Memoria SanDisk SDHC 4GB Clase 4,4.99,SANDISK,4 GB,altosight.com//1750
Memoria SDHC Sony 16GB Class 4,14.99,SONY,16 GB,altosight.com//1752
Memoria SDHC Transcend 32GB Ultimate UHS-II U3,66.99,Transcend,32 GB,altosight.com//1779
Sandisk MicroSDHC 8 Gb Extreme Pro | microSD | Memorie | Foto De Angelis,34.0,SANDISK,8 GB,altosight.com//1850
Sandisk SDHC 4 Gb | SD (secure digital) | Memorie | Foto De Angelis,5.5,SANDISK,4 GB,altosight.com//1870
Transcend SDHC 32 Gb Class 3 180 mb/s | SD (secure digital) | Memorie | Foto De Angelis,65.0,Transcend,32 GB,altosight.com//1881
Sandisk Extreme Pro Micro SDHC 8GB Memory Card,19.97,SANDISK,8 GB,altosight.com//1917
INTENSO 3503460 Basic Line USB-Stick 8 GB,4.99,Intenso,8 GB,altosight.com//2070
INTENSO 3534470 Premium Line USB-Stick 16 GB,9.99,Intenso,16 GB,altosight.com//2093
INTENSO Basic Line USB-Stick,7.49,Intenso,8 GB,altosight.com//2106
INTENSO Premium Line USB-Stick,10.99,Intenso,16 GB,altosight.com//2108
"SANDISK Ultra® Flair™ USB-Stick, Silber\\u002FSchwarz, 256 GB {{product}} Technische Daten Technische Daten Produktbeschreibung Produktdatenblatt Produktbewertungen Bewerten Sie dieses Produkt Titel Titel Vielen Dank Zubehör Lieferung Abholung",49.99,SANDISK,256 GB,altosight.com//2184
"TOSHIBA Exceria Pro N401 , 16 GB",19.99,TOSHIBA,16 GB,altosight.com//2254
SANDISK Cruzer U USB 32GB k&eacute;k pendrive (139705) (SDCZ59-032G-B35BZ),8289.0,SANDISK,32 GB,altosight.com//2269
SONY 16GB USB 3.0 pendrive USM16GQX,10999.0,SONY,16 GB,altosight.com//2336
SONY 32GB pendrive feh&eacute;r USM32GM,12999.0,SONY,32 GB,altosight.com//2343
SONY 64GB pendrive USM64GR,19999.0,SONY,64 GB,altosight.com//2352
SONY 64GB USB 3.0 pendrive USM64GQX,29998.0,SONY,64 GB,altosight.com//2354
SONY 8GB pendrive USM8GR R,3789.0,SONY,8 GB,altosight.com//2361
SONY microSDHC 128GB k&aacute;rtya Class10 UHS-I (SRG1UZ),69999.0,SONY,128 GB,altosight.com//2371
SONY USM128WE3 128 GB pendrive,37989.0,SONY,128 GB,altosight.com//2396
SONY USM64CA1 Pendrive 64 GB,29989.0,SONY,64 GB,altosight.com//2405
"TOSHIBA USB-Stick TransMemory U302 128GB, schwarz (THN-U302K1280MF)",49.99,TOSHIBA,128 GB,altosight.com//2599
"INTENSO Basic Line, USB-Stick, USB 2.0, 8 GB",5.99,Intenso,8 GB,altosight.com//2609
"SANDISK Cruzer Edge SDCZ51-008G-B35, USB-Stick, USB 2.0, 8 GB",8.99,SANDISK,8 GB,altosight.com//2627
"SANDISK Cruzer Glide, USB-Stick, USB 2.0, 8 GB",6.99,SANDISK,8 GB,altosight.com//2628
"SANDISK Dual USB Typ-C&trade;, 128 GB",49.99,SANDISK,128 GB,altosight.com//2633
"SANDISK Ultra® Flair™, USB-Stick, USB 3.0, 256 GB",49.99,SANDISK,256 GB,altosight.com//2691
"SONY SRG1UZ Micro-SDXC Speicherkarte, 128 GB, 95 MB/s, UHS Class 3",199.99,SONY,128 GB,altosight.com//2741
Sony 128GB UHS-I Professional microSD Card,189.0,SONY,128 GB,altosight.com//2831
Sony 128GB UHS-I Professional microSD Card,299.0,SONY,128 GB,altosight.com//2938
Karta Lexar PROFESSIONAL 64 GB XQD 2.0 2933X,629.0,LEXAR,64 GB,altosight.com//3071
"Samsung Galaxy A20 Dual SIM - 32GB, 3GB RAM, 4G LTE, Blue",2555.0,Samsung,,altosight.com//3094
"Samsung Galaxy A30 Dual SIM - 64GB, 4GB RAM, 4G LTE, Blue",3375.0,Samsung,,altosight.com//3096
"Samsung Galaxy A30 Dual SIM - 64GB, 4GB RAM, 4G LTE, White",3375.0,Samsung,,altosight.com//3097
"Samsung Galaxy A50 Dual Sim, 128 GB, 4GB RAM,4G LTE, Black",4530.0,Samsung,,altosight.com//3099
"Samsung Galaxy A50 Dual Sim, 128 GB, 4GB RAM ,4G LTE, Blue",4530.0,Samsung,,altosight.com//3100
"Samsung Galaxy A70 Dual SIM - 128GB, 6GB RAM, 4G LTE, Black",6499.0,Samsung,,altosight.com//3102
"Samsung Galaxy A70 Dual SIM - 128GB, 6GB RAM, 4G LTE, Coral",6166.0,Samsung,,altosight.com//3103
"Samsung Galaxy A70 Dual SIM - 128GB, 6GB RAM, 4G LTE, White",6299.0,Samsung,,altosight.com//3104
"Samsung Galaxy A9 2018 Dual SIM - 128GB, 6GB RAM, 4G LTE, Blue",7299.0,Samsung,,altosight.com//3105
"Samsung Galaxy A9 2018 Dual SIM - 128GB, 6GB RAM, 4G LTE, Pink",6800.0,Samsung,,altosight.com//3106
"Samsung Galaxy J4 Plus Dual Sim - 32GB, 4G LTE, Black",2370.0,Samsung,,altosight.com//3108
"Samsung Galaxy J4 Plus Dual Sim - 32GB, 4G LTE, Gold",2320.0,Samsung,,altosight.com//3109
"Samsung Galaxy J4 Plus Dual Sim - 32GB, 4G LTE, Pink",2600.0,Samsung,,altosight.com//3110
"Samsung Galaxy J6 Plus Dual Sim - 32GB, 4G LTE, Grey",2950.0,Samsung,,altosight.com//3112
"Samsung Galaxy J6 Plus Dual Sim - 32GB, 4G LTE, Red",2880.0,Samsung,,altosight.com//3113
"Samsung Galaxy Note 9 Dual SIM - 512GB, 8GB RAM, 4G LTE, Ocean Blue",16666.0,Samsung,,altosight.com//3115
"Samsung Galaxy S10 Plus Dual Sim - 128GB, 8GB RAM, 4G LTE, Prism Green",17900.0,Samsung,,altosight.com//3118
Sandisk Cruzer Glide 8GB USB Stick,6.9,SANDISK,8 GB,altosight.com//3126
Karta pami?ci TOSHIBA microSDHC 32GB UHS,97.0,TOSHIBA,32 GB,altosight.com//3359
Karta pami?ci TOSHIBA microSDHC 32GB UHS,132.0,TOSHIBA,32 GB,altosight.com//3360
Karta pami?ci TOSHIBA microSDHC 32GB UHS,132.0,TOSHIBA,32 GB,altosight.com//3361
Karta pami?ci TOSHIBA microSDXC 64GB UHS,197.0,TOSHIBA,64 GB,altosight.com//3364
Karta pami?ci TOSHIBA microSDXC 64GB UHS,231.0,TOSHIBA,64 GB,altosight.com//3365
"Karta SANDISK SDHC/4GB, Karty pami?ci",9.99,SANDISK,4 GB,altosight.com//3406
"Pami?? SANDISK Cruzer Blade 8GB, Pami?ci przeno?ne",19.99,SANDISK,8 GB,altosight.com//3459
"Pami?? SANDISK Cruzer Edge 8 GB, Pami?ci przeno?ne",19.99,SANDISK,8 GB,altosight.com//3462
"Pami?? SANDISK Cruzer Fit 8 GB, Pami?ci przeno?ne",24.99,SANDISK,8 GB,altosight.com//3466
"Pami?? SANDISK CRUZER GLIDE 8GB, Pami?ci przeno?ne",19.99,SANDISK,8 GB,altosight.com//3470
"Pami?? USB SANDISK Cruzer U 16 GB Niebieski, Pami?ci przeno?ne",17.0,SANDISK,16 GB,altosight.com//3493
"Pami?? USB SONY Micro Vault 128 GB Czarny USM128WE3, Pami?ci przeno?ne",249.0,SONY,128 GB,altosight.com//3513
"TOSHIBA EXCERIA PRO M401, 32 GB",32.95,TOSHIBA,32 GB,altosight.com//3571
"TOSHIBA EXCERIA PRO M401, 64 GB",47.95,TOSHIBA,64 GB,altosight.com//3575
SONY USM64GXB MICROVAULT X 3.0 64GB NEGR - Mediamarkt.es,,SONY,64 GB,altosight.com//3601
"Pendrive de 16Gb Lexar LJDV10-16GABEU, USB 2.0, tapa, de color azul (M",,LEXAR,16 GB,altosight.com//3680
"Pendrive de 64 GB - Lexar JumpDrive V30 LJDV30-64GABEU, USB 2.0",,LEXAR,64 GB,altosight.com//3699
Pendrive de 128Gb - TOSHIBA USB 3.0 128 GB Negro LABEL IT,,TOSHIBA,128 GB,altosight.com//3770
4GB USB-Stick Sandisk Cruzer Blade USB 2.0,120.0,SANDISK,4 GB,altosight.com//3804
SanDisk 4GB SDHC Secure Digital Card,,SANDISK,4 GB,altosight.com//3816
"INTENSO 3503460 8 GB USB Flash Drive,INTENSO,3503460,3503460,,Intenso,Intenso,Computer Peripherals, Memory & Readers, MemoryStick,Computer_Components,hi-speed,value,pen,memory,stick,portable,key,storage,device",,Intenso,8 GB,altosight.com//3817
Kingston Technology Secure Digital Memory Card 32GB SDHC Class 4 SD4/32GB,,Kingston,32 GB,altosight.com//3818
Kingston DataTraveler 101 G2 8 GB USB 2.0 Flash Drive - Red,,Kingston,8 GB,altosight.com//3831
"4GB USB-Stick Sandisk Cruzer Blade USB 2.0,SanDisk,SDKCZ50004GA11",120.0,SANDISK,4 GB,altosight.com//3834
SanDisk SDCZ33-008G-B35 8 GB Cruzer Fit USB 2.0 Flash Drive - Black,5.61,SANDISK,8 GB,altosight.com//3851
Sony 8GB MicroVault USB 2.0 Flash Memory Drive - R Series USM8GR (15MB/s Transfer Speed) with rectractable USB and LED indicator - Black,10.08,SONY,8 GB,altosight.com//3857
SanDisk SDSDQYA-004G-U46A 4 GB Mobile Ultra Android Class 6 UHS-I MicroSDXC Memory Card with SD Adapter (Label May Change),,SANDISK,4 GB,altosight.com//3870
SanDisk SDCZ60-008G-B35 8GB Cruzer Glide USB 2.0 Flash Drive,,SANDISK,8 GB,altosight.com//3871
Lexar JumpDrive V10 16GB USB Flash Drive - LJDV10-16GABEU (Teal),12.99,LEXAR,16 GB,altosight.com//3889
Sony 8GB USB Microvault USM-R,,SONY,8 GB,altosight.com//3908
"Sandisk CRUZER GLIDE (8 GB GLIDE) 8 GB GLIDE, SDCZ60-008G-B35 (8 GB GLIDE)",,SANDISK,8 GB,altosight.com//3921
Sony MicroVault Mach USM16GQX (16GB) USB 3.0 USB Flash Drive,36.36,SONY,16 GB,altosight.com//3924
"Kingston 16GB SD SDHC Memory Card Stick For Nikon D80, D800, D90, L810, L820, P700 Digital Camera",,Kingston,16 GB,altosight.com//3942
SanDisk Plus 16GB MicroSDHC UHS-I Memory Card Speed Up To 40MB/s With Adapter,,SANDISK,16 GB,altosight.com//3963
Lexar P20 64GB USB 3.0 JumpDrive - LJDP20-64GCRBEU,43.28,LEXAR,64 GB,altosight.com//3979
Toshiba EXCERIA SDHC 16 GB UHS-I (U3 - up to 95MB/s read) Flash Memory Card,22.63,TOSHIBA,16 GB,altosight.com//3998
Kingston - Flash memory card - 256 GB - UHS Class 3 / Class10 - SDXC UHS-I,116.15,Kingston,256 GB,altosight.com//4023
Kingston DataTraveler 16 GB Micro Duo Type C USB 3.1 Gen 1/USB 3.0 Flash Drive,14.97,Kingston,16 GB,altosight.com//4029
512GB SDXC Class 10 UHS-I 90R/45W Flash,202.47,Kingston,512 GB,altosight.com//4091
Transcend 32 GB Ultimate SDHC UHS-II U3 Memory Card,42.9,Transcend,32 GB,altosight.com//4119
Kingston Technology HyperX Savage 128 GB USB 3.1/3.0 Flash Drive,66.0,Kingston,128 GB,altosight.com//4136
Toshiba THN-M401S0320E2 32 GB EXCERIA PRO M401 MicroSD Card,16.49,TOSHIBA,32 GB,altosight.com//4151
Toshiba THN-M401S0640E2 64 GB EXCERIA PRO M401 MicroSD Card,28.3,TOSHIBA,64 GB,altosight.com//4152
"Sandisk Cruzer U SDCZ59-016G-T46BP 16GB USB 2.0 Flash Drive, White, Purple Hearts, Blue Slider",,SANDISK,16 GB,altosight.com//4155
Toshiba Exceria Pro N401 16GB SD Memory Card 95 MB/s 4K - THN-N401S0160E4,10.99,TOSHIBA,16 GB,altosight.com//4190
Toshiba TransMemory U302 128GB USB Flash Drive USB 3.0 - Black- THN-U302K1280MF,32.99,TOSHIBA,128 GB,altosight.com//4194
"Sony High Speed Micro SD Memory Card, 128GB (SR-G1UZA/T)",114.23,SONY,128 GB,altosight.com//4209
SanDisk Cruzer Glide 3.0 256GB USB 3.0,,SANDISK,256 GB,altosight.com//4242
"SanDisk Ultra Flair 256 GB USB 3.0 Flash Drive, Upto 150MB/s read - Black,SanDisk,SDCZ73-256G-G46",83.99,SANDISK,256 GB,altosight.com//4306
32GB SanDisk Cruzer U-Clip On Keychain Backpack Bag USB 2.0 Flash Drive (Pink),,SANDISK,32 GB,altosight.com//4329
Intenso 3503460 Swivel 8GB USB Flash Drive,8.27,Intenso,8 GB,altosight.com//4391
Kingston DataTraveler 16 GB Micro Duo Type C USB 3.1 Gen 1/USB 3.0 Flash Drive,14.97,Kingston,16 GB,altosight.com//4413
Lexar V30 64GB JumpDrive USB 2.0 Flash Drive Memory Stick - Purple,37.99,LEXAR,64 GB,altosight.com//4428
Lexar Professional JumpDrive S70 64GB USB 2.0 Retractable Design Flash Drive Memory Stick - Black,24.99,LEXAR,64 GB,altosight.com//4441
SanDisk SDCZ59-032G-B35BZ 32 GB Cruzer U USB 2.0 Flash Drive - Blue,8.99,SANDISK,32 GB,altosight.com//4487
"SanDisk Ultra Flair 256 GB USB 3.0 Flash Drive, Upto 150MB/s read - Black",87.49,SANDISK,256 GB,altosight.com//4501
Sony USM128WE3 128 GB RAM USB Flash Drive,69.04,SONY,128 GB,altosight.com//4517
Sony USM64GQX 64 GB RAM USB Flash Drive,76.69,SONY,64 GB,altosight.com//4518
Toshiba Exceria Pro N401 16GB SD Memory Card 95 MB/s 4K - THN-N401S0160E4,18.19,TOSHIBA,16 GB,altosight.com//4533
Toshiba EXCERIA SDHC 16 GB UHS-I (U3 - up to 95MB/s read) Flash Memory Card,22.23,TOSHIBA,16 GB,altosight.com//4536
Toshiba THN-M401S0640E2 64GB EXCERIA PRO M401 MicroSD Card 80MB/s Write Speed,26.55,TOSHIBA,64 GB,altosight.com//4538
"Toshiba TransMemory U302 16 GB USB 3.0 Blue, Red Usb Flash Drive - USB Memory (USB 3.0 (3.1 Gen 1), USB 3.0, TYPE-A, 0 - 50 °C, -20 - 60 °C, Lid)",19.35,TOSHIBA,16 GB,altosight.com//4540
Kingston Speicherkarte SD4/16GB SDHC Klasse 4 - 16GB,,Kingston,16 GB,altosight.com//4546
Intenso Basic Line 8 GB USB-Stick USB 2.0 silber-schwarz,,Intenso,8 GB,altosight.com//4547
SanDisk Cruzer Blade 4GB USB-Stick USB 2.0 schwarz/rot,,SANDISK,4 GB,altosight.com//4561
SanDisk Cruzer Blade 8GB USB-Stick USB 2.0 schwarz/rot,,SANDISK,8 GB,altosight.com//4562
"Kingston DataTraveler DT101G2 8GB USB-Stick USB 2.0 rot,Kingston,DT101G2/8GBZ,B003MWP9X6",,Kingston,8 GB,altosight.com//4569
SanDisk Ultra Micro SDHC 4GB Class 6 Speicherkarte,,SANDISK,4 GB,altosight.com//4575
SanDisk Cruzer Fit 8GB USB-Stick 2.0,,SANDISK,8 GB,altosight.com//4576
4GB USB-Stick Sandisk Cruzer Blade USB 2.0 [PC],,SANDISK,4 GB,altosight.com//4592
SanDisk Cruzer Glide 8 GB USB-Flash-Laufwerk USB 2.0,,SANDISK,8 GB,altosight.com//4599
Sony Micro Vault USM-M 32GB USB 2.0 pink,,SONY,32 GB,altosight.com//4627
"Sandisk Cruzer Fit 8GB USB 2.0 Typ A Schwarz USB-Stick - USB-Sticks (8 GB, USB 2.0, Typ A, Windows 7 Home Premium,Windows 7 Home Premium x64,Windows 7 Professional,Windows 7 Professional..., Mac OS X 10.5 Leopard, Mac OS X 10.6 Snow Leopard, Mac OS X 10.7",,SANDISK,8 GB,altosight.com//4634
Intenso Premium Line 16 GB USB-Stick USB 3.0 silber,10.99,Intenso,16 GB,altosight.com//4675
Toshiba Exceria SDHC 32GB (bis zu 95MB/s lesen) Speicherkarte schwarz,,TOSHIBA,32 GB,altosight.com//4697
"Lexar V30 64GB JumpDrive USB 2.0 Flash Drive Memory Stick Speicherstick - Lila,LEXAR MEDIA INC,LJDV30-64GABEU",24.51,LEXAR,64 GB,altosight.com//4716
Kingston SDA3/256GB SDHC/SDXC 256GB Ultra High-Speed Class 3 Speicherkarte,123.27,Kingston,256 GB,altosight.com//4750
Kingston SDA10/512GB UHS-I SDHC/SDXC SD-Karte Klasse 10 Speicherkarte,226.04,Kingston,512 GB,altosight.com//4801
"Transcend SDHC UHS-II U3 EXTREME 32GB Speicherkarte (285 MB/s Lesen, 180MB/s Schreiben)",59.49,Transcend,32 GB,altosight.com//4823
"HyperX Savage HXS3/128 GB USB-Stick USB 3.0 schwarz/rot bis zu 350MB/Sek R, 250MB/Sek W",74.99,Kingston,128 GB,altosight.com//4831
"Sandisk UFM 64GB USB CRUZER GLIDE 3.0 64GB USB 3.0 (3.1 Gen 1) Typ A Schwarz, Rot USB-Stick - USB-Sticks (64 GB, USB 3.0 (3.1 Gen 1), Typ A, Dia, Schwarz, Rot, Kunststoff)",,SANDISK,64 GB,altosight.com//4833
"Toshiba THN-M401S0320E2 32 GB EXCERIA PRO M401 MicroSD-Karte,Toshiba,THN-M401S0320E2",20.87,TOSHIBA,32 GB,altosight.com//4843
"Toshiba THN-M401S0640E2 64 GB EXCERIA PRO M401 MicroSD-Karte,Toshiba,THN-M401S0640E2",35.15,TOSHIBA,64 GB,altosight.com//4844
Toshiba 32GB Exceria SD SDHC Memory Card Class 10 95mb UHS-1 U3 32G,,TOSHIBA,32 GB,altosight.com//4870
"Toshiba Exceria Pro N401 SDHC 16GB UHS-I U3 Speicherkarte (bis zu 95MB/Sek. lesen),Toshiba,THN-N401S0160E4",,TOSHIBA,16 GB,altosight.com//4873
Toshiba THN-U302K1280MF TransMemory U302 128GB USB 3.0 schwarz/leer,47.86,TOSHIBA,128 GB,altosight.com//4875
Sony USM128WE3 USB-Stick 128 GB,,SONY,128 GB,altosight.com//4881
SanDisk Ultra Flair 256 GB USB Flash-Laufwerk USB 3.0 mit bis zu 150 MB/Sek.,97.4,SANDISK,256 GB,altosight.com//4950
Kingston SDHC - Tarjeta de memoria de 16 GB (Clase 4),,Kingston,16 GB,altosight.com//5005
"Sandisk Cruzer Blade - Memoria USB de 2.0 de 4 GB, negro",,SANDISK,4 GB,altosight.com//5012
"Sandisk Cruzer Blade - Memoria USB de 2.0 de 8 GB, negro",,SANDISK,8 GB,altosight.com//5013
"Kingston,Kingston,Kingston DT101G2 - Memoria USB 2.0 de 8 GB, color rojo,Kingston Technology,DT101G2/8GBZ,B003MWP9X6",,Kingston,8 GB,altosight.com//5018
SanDisk SDCZ51-008G-B35 Memoria USB 2.0 de 8 GB negro y rojo,,SANDISK,8 GB,altosight.com//5029
"SanDisk SDCZ33-008G-B35 - Memoria USB 2.0 de 8 GB, negro",,SANDISK,8 GB,altosight.com//5039
"Sony Micro Vault Style - Memoria USB de 32 GB, blanco,Sony,USM32GM/W",35.34,SONY,32 GB,altosight.com//5043
SanDisk SDCZ60-008G-B35 Memoria USB 2.0 de 8 GB negro,,SANDISK,8 GB,altosight.com//5064
Lexar Jumpdrive V10 - Memoria USB 2.0 de 16 GB,7.82,LEXAR,16 GB,altosight.com//5084
"Sony,Sony,Sony Micro Vault CLICK - Memoria USB (128 GB, USB 3.0, 226 MB/s, Slide), Negro,Sony,558M462",122.02,SONY,128 GB,altosight.com//5110
"Toshiba SD-X32UHS1(6 - Tarjeta de memoria SDHC, UHS 3 de 32 GB",,TOSHIBA,32 GB,altosight.com//5182
"Sandisk USB 2.0, 32GB 32GB USB 2.0 Capacity Negro, Azul unidad flash USB - Memoria USB (32GB, 32 GB, 2.0, Conector USB Tipo A, Deslizar, Negro, Azul): Amazon.es: Informática",24.1,SANDISK,32 GB,altosight.com//5228
"Kingston SDA3/256GB - Tarjeta de memoria SDHC/SDXC UHS-I U3, 256 GB velocidades 90R/80W",131.8,Kingston,256 GB,altosight.com//5238
"Kingston SDA10 - Tarjeta SD de 512 GB (UHS-I, CL 10)",227.89,Kingston,512 GB,altosight.com//5289
"HyperX Savage HXS3/128GB - Memoria USB 3.0 de 128 GB (350 MB/s R, 250 MB/s W)",76.29,Kingston,128 GB,altosight.com//5327
"Toshiba THN-M401S0320E2 Exceria Pro M401 Tarjeta MicroSD de 32GB, Blanco",,TOSHIBA,32 GB,altosight.com//5336
"Toshiba THN-M401S0640E2 Exceria Pro M401 Tarjeta MicroSD de 64GB, Blanco",35.99,TOSHIBA,64 GB,altosight.com//5337
"Toshiba TransMemory - Memoria USB U302 de 128 GB, color negro",37.34,TOSHIBA,128 GB,altosight.com//5375
"Toshiba TransMemory - Memoria USB U302 de 16 GB, color negro",7.82,TOSHIBA,16 GB,altosight.com//5380
"Sony USM128WE3 Unidad Flash USB 128 GB 3.0 (3.1 Gen 1) Conector USB Tipo A Negro - Memoria USB (128 GB, 3.0 (3.1 Gen 1), Conector USB Tipo A, 160 MB/s, Funda, Negro),Sony,USM128WE3",,SONY,128 GB,altosight.com//5384
"Sony SR-G1UZA/T 128GB MicroSDXC UHS-I Clase 10 memoria flash - Tarjeta de memoria (128 GB, MicroSDXC, Clase 10, UHS-I, 95 MB/s, Negro): Amazon.es: Informática",248.2,SONY,128 GB,altosight.com//5390
"Memoria flash USB SanDisk Ultra Flair de 256 GB con USB 3.0 y hasta 150 MB/s, Plata y negro",,SANDISK,256 GB,altosight.com//5458
Lexar Jumpdrive V10 - Memoria USB 2.0 de 16 GB,8.74,LEXAR,16 GB,altosight.com//5553
"Sony Micro Vault CLICK - Memoria USB (64 GB, USB 3.0, 226 MB/s, Slide), Negro",102.28,SONY,64 GB,altosight.com//5610
"Sony Micro Vault Style - Memoria USB de 32 GB, blanco: Amazon.es: Informática",37.61,SONY,32 GB,altosight.com//5618
"Sony Micro Vault Style - Memoria USB de 32 GB, blanco: Amazon.es: Informática",37.61,SONY,32 GB,altosight.com//5619
Sony Micro vault usm-f usb 3.1 de 128 gb negro: Amazon.es: Electrónica,76.9,SONY,128 GB,altosight.com//5624
Sony Micro vault usm-f usb 3.1 de 128 gb negro: Amazon.es: Informática,76.9,SONY,128 GB,altosight.com//5625
"Sony USM64CA1 unidad flash USB - Memoria USB (USB 3.0 (3.1 Gen 1), Type-A/Type-C, -20 - 60 °C, Sin tapa, Plata, 10 - 90%)",52.59,SONY,64 GB,altosight.com//5641
"Toshiba TransMemory U302 16GB USB 3.0 Negro, Rojo unidad flash USB - Memoria USB (USB 3.0 (3.1 Gen 1), Type-A, 0 - 50 °C, -20 - 60 °C, Tapa, Negro, Rojo)",15.23,TOSHIBA,16 GB,altosight.com//5670
Kingston Carte SD Standard SD4/16GB SDHC Classe 4 - 16Go,,Kingston,16 GB,altosight.com//5699
Kingston Carte SD Standard SD4/32GB SDHC Classe 4 - 32Go,,Kingston,32 GB,altosight.com//5700
"SanDisk Cruzer Fit SDCZ33-008G-B35 USB Flash Drive, 8 GB",,SANDISK,8 GB,altosight.com//5723
Sony USM32GM Blanc,32.9,SONY,32 GB,altosight.com//5725
"Sandisk 8GB Cruzer Blade 8Go USB 2.0 Type A Noir lecteur USB flash - lecteurs USB flash (8 Go, USB 2.0, Type A, Noir)",,SANDISK,8 GB,altosight.com//5726
"MicroVault/16GB USB 2.0 Virtual Expander 8 Go,Sony,USM8GJ",17.82,SONY,8 GB,altosight.com//5728
Lexar JumpDrive S70 64Go USB 2.0 Noir - LJDS70-64GABEU,31.96,LEXAR,64 GB,altosight.com//5736
"Sandisk CRUZER GLIDE (8 GB GLIDE) 8 GB GLIDE, SDCZ60-008G-B35 (8 GB GLIDE)",,SANDISK,8 GB,altosight.com//5754
"Sony USM64GQX Noir,Sony - Rme New Média,USM64GQX/B",78.51,SONY,64 GB,altosight.com//5756
Lexar P20 64Go USB 3.0 JumpDrive - LJDP20-64GCRBEU,,LEXAR,64 GB,altosight.com//5810
"Kingston Carte SDA3/256GB SDHC/SDXC UHS-I U3, 256 GB Vitesses 90R/80W,Kingston,SDA3/256GB,Carte UHS-I; carte classe 3; carte U3; carte video 4K; carte video 2K; carte SD pro; carte digital sécurisée; carte caméra; SD standard; SDHC; SDXC; carte camcorder; stockage photo; stockage video; kingston SD; SDHC rapide; SD classe 10; carte mémoire SD; g3sdhc; carte haute capacité; UHS-I technologie; SD10; carte DSLR; carte DLS-M; 16Go; 32Go; 64Go; carte video HD; carte 4k2K;carte pour fichiers RAW; 90Mo/s; 80Mo/s; SDA3; meilleure carte SD; carte SD bonne qualité; SD 128Go; SD 256Go",,Kingston,256 GB,altosight.com//5822
Toshiba Transmemory U302 16 Go USB 3.0 Bleu,27.89,TOSHIBA,16 GB,altosight.com//5874
"Carte mémoire SDXC SanDisk Ultra PLUS 128 Go, Classe 10,SanDisk,619659136383",59.99,SANDISK,128 GB,altosight.com//5878
"Sony USM64CA1 Clé USB 3.1 64 Go Argent,Sony,MVT610,Clé USB",59.61,SONY,64 GB,altosight.com//5884
Toshiba 32GB Exceria SD SDHC Memory Card Class 10 95mb UHS-1 U3 32G,,TOSHIBA,32 GB,altosight.com//5905
"Toshiba TransMemory U302 128 Go USB 3.0 Noir USB Flash Drive - Disque flash USB (USB 3.0, 0-50 °C, -20-60 °C, casquette, noir, 3.0 (3.1 Gen 1))",39.64,TOSHIBA,128 GB,altosight.com//5908
"Sony Usm128we3 128 Go de RAM USB Flash Drive,Sony,USM128WE3",77.75,SONY,128 GB,altosight.com//5915
Toshiba THN-U303W0160E4 Clé USB 3.0 16 Go Blanc,8.47,TOSHIBA,16 GB,altosight.com//5920
"SanDisk Scheda di Memoria SDHC 4 GB, Classe 4",,SANDISK,4 GB,altosight.com//6142
Kingston SDHC Class 4 Secure Digital (SDHC) Scheda di memoria SD 16 GB,,Kingston,16 GB,altosight.com//6144
Kingston Scheda SDHC SD4/32GB SDHC di Classe 4 - 32GB,,Kingston,32 GB,altosight.com//6146
SanDisk Cruzer Blade 08 GB USB 2.0,,SANDISK,8 GB,altosight.com//6155
Kingston Data Traveler 101 G2 Chiavetta USB Flash Drive 8 GB,,Kingston,8 GB,altosight.com//6157
"Lexar LJDS70-64GABEU JumpDrive S70 Chiavetta USB 2.0, 64 GB, Nero",26.99,LEXAR,64 GB,altosight.com//6202
"Lexar JumpDrive V10 Chiavetta USB 2.0, 16 GB, Bianco",10.99,LEXAR,16 GB,altosight.com//6213
"Sony USM64GQX Memoria USB 3.0, Capacità 64 GB, Velocità Massima di Lettura 226 MB/s, Nero,Sony,USM64GQX/B,Vergini,220mb,226MB/s,64,64gb,Sony,allumin,chiavette,gb,memoria,s,usb,usb3.0",77.98,SONY,64 GB,altosight.com//6238
"Sony USM16GQX Memoria USB 3.0, Capacità 16 GB, Velocità Massima di Lettura 200 MB/s, Nero,Sony,USM16GQX/B,Vergini,16GB,200MB/s,MemoriaUSB,nera,sony",35.0,SONY,16 GB,altosight.com//6239
Intenso Premium Line 16GB USB 3.0 16GB USB 3.0 (3.1 Gen 1) Tipo-A Argento,11.99,Intenso,16 GB,altosight.com//6273
"Toshiba Scheda di Memoria MicroSDHC, 16GB - Exceria - 95MB/s - UHS-I - U3",,TOSHIBA,16 GB,altosight.com//6301
"Toshiba Scheda di Memoria SDHC 32 GB, EXCeria, 95 Mb/s, UHS-I, U3, Nero/Argento",,TOSHIBA,32 GB,altosight.com//6303
Lexar P20 64Go USB 3.0 JumpDrive - LJDP20-64GCRBEU,,LEXAR,64 GB,altosight.com//6318
"Toshiba Scheda di Memoria MicroSDHC, 16GB, Exceria 95MB/s, UHS-I, U3, con Adattatore",14.9,TOSHIBA,16 GB,altosight.com//6339
"Kingston Scheda SD Professionale SDA10/512GB UHS-I SDHC/SDXC di Classe 10, 512GB",215.51,Kingston,512 GB,altosight.com//6417
"Toshiba THN-U302B0160M4 16GB USB 3.0 (3.1 Gen 1) USB Type-A connector Blue USB flash drive - USB Flash Drives (16 GB, 3.0 (3.1 Gen 1), USB Type-A connector, Cap, 7.8 g, Blue),Toshiba,THN-U302B0160M4",10.99,TOSHIBA,16 GB,altosight.com//6445
"Kingston HXS3/128GB HyperX Savage Memoria Flash, USB 3.0, 128 GB, Lettura 350 MB/s, Scrittura 250 MB/s, Nero/Rosso",87.99,Kingston,128 GB,altosight.com//6447
"Toshiba THN-M401S0320E2 32GB MicroSD NAND Class 10 memory card - memory cards (32 GB, MicroSD, Class 10, 95 MB/s, 80 MB/s, NAND)",30.91,TOSHIBA,32 GB,altosight.com//6454
Toshiba THN-M401S0640A Exceria PRO Class 10 UHS-I U3,48.17,TOSHIBA,64 GB,altosight.com//6455
"Toshiba TransMemory U302 16GB USB 3.0 (3.1 Gen 1) USB Type-A connector Black, Red USB flash drive - USB Flash Drives (16 GB, 3.0 (3.1 Gen 1), USB Type-A connector, Cap, 7.8 g, Black, Red),Toshiba,THN-U302D0160M4",33.0,TOSHIBA,16 GB,altosight.com//6464
"Toshiba EXCERIA PRO - N401 16GB SDHC UHS-I Class 3 memory card - memory cards (16 GB, SDHC, Class 3, 95 MB/s, 75 MB/s, UHS-I)",,TOSHIBA,16 GB,altosight.com//6481
"Toshiba TransMemory U302 128GB USB 3.0 Black USB flash drive - USB flash drives (USB 3.0 (3.1 Gen 1), USB 3.0, Type-A, 0 - 50 °C, -20 - 60 °C, Cap)",57.96,TOSHIBA,128 GB,altosight.com//6485
"Toshiba TRANSMEMORY EX U382 32GB USB 3.0 (3.1 Gen 1) Type-A White USB flash drive - USB flash drives (32 GB, USB 3.0 (3.1 Gen 1), Type-A, 95 MB/s, 80 MB/s, Android),Toshiba,THN-U382W0320E4",16.47,TOSHIBA,32 GB,altosight.com//6532
32GB SDHC UHS-II Card,65.0,Transcend,32 GB,altosight.com//6596
Kingston 512GB SDXC UHS-I Class 10 512GB SDXC UHS-I Class 10,217.89,Kingston,512 GB,altosight.com//6603
Hyperx 128GB Savage USB 3.1 Gen 1 Clé USB,99.99,Kingston,128 GB,altosight.com//6695
LEXAR MICRO SD XC 256GB 1000X CLASS 10 U3 AVEC LECTEUR USB 3.0,339.0,LEXAR,256 GB,altosight.com//7238
SONY MICRO SD SERIE UZ 128GB R95/W90 CL 10 PROFESSIONAL,169.0,SONY,128 GB,altosight.com//7270
LEXAR CLE USB JUMPDRIVE S70 64GB,36.9,LEXAR,64 GB,altosight.com//7328
LEXAR CLE USB JUMPDRIVE V10 16GB,10.9,LEXAR,16 GB,altosight.com//7329
SONY CLE USB 2.0 SERIE GR 8GB NOIRE MICRO VAULT,12.9,SONY,8 GB,altosight.com//7373
SONY CLE USB 3.0 SERIE QX 16GB NOIRE MICRO VAULT MACH,33.9,SONY,16 GB,altosight.com//7375
SONY CLE USB 3.1 TYPE C SERIE CA1 64GB R130 METAL,65.9,SONY,64 GB,altosight.com//7378
SONY MICRO SD SERIE UZ 128GB R95/W90 CL 10 PROFESSIONAL,169.0,SONY,128 GB,altosight.com//7385
Memoria Sd 16gb Sdhc Kingston Clase 4,9.83,Kingston,16 GB,altosight.com//7413
Memoria USB Kingston DTDUO3C 16GB,13.79,Kingston,16 GB,altosight.com//7419
Pendrive 128gb Usb 3.0/3.1 Kingston Hyperx Savage,78.8,Kingston,128 GB,altosight.com//7435
Pendrive 8gb Usb2.0 Intenso Basic Line Negro,5.65,Intenso,8 GB,altosight.com//7460
LEXAR USB 16GB V-10,15.0,LEXAR,16 GB,altosight.com//7482
SANDISK Ultra Performance Class 10 microSD Memory Card - 16 GB,19.99,SANDISK,16 GB,altosight.com//7549
SANDISK Ultra Performance Class 10 microSDHC Memory Card - 16 GB,19.99,SANDISK,16 GB,altosight.com//7552
SANDISK Ultra Plus Class 10 SD Memory Card - 128 GB,64.99,SANDISK,128 GB,altosight.com//7556
SANDISK Ultra Plus Class 10 SDXC Memory Card - 128 GB,64.99,SANDISK,128 GB,altosight.com//7562
"Karta pami?ci SDHC (Secure Digital High Capacity) gwarantuj?ca minimaln? szybko?? transferu 4 MB/s, kompatybilna tylko z urz?dzeniami obs?uguj?cymi standard SDHC. Obj?ta wieczyst? gwarancj?.",,Kingston,16 GB,altosight.com//7692
"Karta pami?ci SDHC (Secure Digital High Capacity) gwarantuj?ca minimaln? szybko?? transferu 4 MB/s, kompatybilna tylko z urz?dzeniami obs?uguj?cymi standard SDHC. Obj?ta wieczyst? gwarancj?.",,Kingston,32 GB,altosight.com//7693
Clé USB Lexar P20 USB 3.0 64 GO (4187385),68.49,LEXAR,64 GB,altosight.com//7769
Clé USB Lexar JumpDrive V10 16 Go USB 2.0 - JumpDriveV10 (1353950),16.46,LEXAR,16 GB,altosight.com//7770
Clé USB Sandisk DUAL TYPE C 128GB (4247914),79.9,SANDISK,128 GB,altosight.com//7784
Clé USB Sandisk DUAL TYPE C 32GB (4247922),29.9,SANDISK,32 GB,altosight.com//7786
Clé USB Sandisk GLIDE 16 Go 3.0 (4194519),12.9,SANDISK,16 GB,altosight.com//7789
Clé USB Sandisk GLIDE 64 GB 3.0 (4194543),32.9,SANDISK,64 GB,altosight.com//7791
Clé USB Sony Clé USB OTG 64Go tyce C et USB 3.1 - Clé USB USB OTG type C 64 Go (4190106),59.99,SONY,64 GB,altosight.com//7798
Clé USB Sony SERIE W 3.1 128 GB (4246470),78.35,SONY,128 GB,altosight.com//7799
Clé USB Toshiba U302 USB3.0 128GB (4208668),53.41,TOSHIBA,128 GB,altosight.com//7808
Clé USB Intenso Cl&amp;eacute; USB 16GB Intenso FlashDrive Premium Line 3.0 - blister aluminium (MK935883081),14.84,Intenso,16 GB,altosight.com//7825
Clé USB Intenso Cl&amp;eacute; USB 8GB Intenso Basic Line - Sous blister (MK48429957),9.87,Intenso,8 GB,altosight.com//7846
Clé USB Lexar JumpDrive V30 Flash USB 2.0 64 Go Blanc / Violet (MK1374912696),32.07,LEXAR,64 GB,altosight.com//7883
Clé USB Sandisk Cl&amp;eacute; USB 8GB Sandisk Cruzer Blade - Sous Blister (MK483627453),28.21,SANDISK,8 GB,altosight.com//7896
Clé USB Toshiba TransMemory U302 16GB USB 3.0 Bleu lecteur USB flash (MK885964897),23.15,TOSHIBA,16 GB,altosight.com//7919
Clé USB Toshiba TransMemory U302 16Go USB 3.0 (3.1 Gen 1) Type A Noir lecteur USB flash (MK283563434),21.55,TOSHIBA,16 GB,altosight.com//7920
Clé USB Toshiba TransMemory U302 16Go USB 3.0 (3.1 Gen 1) Type A Rouge lecteur USB flash (MK2093845391),23.15,TOSHIBA,16 GB,altosight.com//7921
Sandisk SDHC 4 Go - 55440 (1174819),,SANDISK,4 GB,altosight.com//7988
Pendrive - Intenso - USB Drive 8GB  USB 2.0,6.37,Intenso,8 GB,altosight.com//8119
Memoria USB - Intenso - 16GB USB 3.0 (3.1 Gen 1),13.99,Intenso,16 GB,altosight.com//8125
Tarjeta de Memoria - Kingston Technology - 512GB SDXC UHS-I Class 10,267.88,Kingston,512 GB,altosight.com//8146
Tarjeta de Memoria - Toshiba THN-M401S0320E2  Tarjeta MicroSD de 32GB,21.0,TOSHIBA,32 GB,altosight.com//8190
Tarjeta de Memoria - Toshiba - THN-M401S0640E2 64GB MicroSD NAND Clase 10,31.41,TOSHIBA,64 GB,altosight.com//8191
Intenso USB-Stick 3.0 Premium Line 16GB USB 3.0,11.99,Intenso,16 GB,altosight.com//8261
104335 SanDisk Cruzer Blade 8 GB,139.0,SANDISK,8 GB,altosight.com//8266
Kingston USB 128GB HX Savage - USB flash disk,2079.0,Kingston,128 GB,altosight.com//8274
Kingston 16 GB DataTraveler microDuo 3C,298.0,Kingston,16 GB,altosight.com//8276
Sony Micro Vault OTG CA1 DUO 64GB (USM64CA1) (st?íbrný),1749.0,SONY,64 GB,altosight.com//8394
"Toshiba Exceria Pro M401 Micro SDHC kort 32 GB - Minneskort, USB-minne",299.0,TOSHIBA,32 GB,altosight.com//8474
Toshiba Exceria Pro M401 Micro SDXC kort 64 GB - Minneskort till kamera,499.0,TOSHIBA,64 GB,altosight.com//8475
"Toshiba Exceria Pro N401 SDHC kort 16 GB - Minneskort, USB-minne",199.0,TOSHIBA,16 GB,altosight.com//8477
"Toshiba TransMemory-EX U382 flash drive 32 GB - Minneskort, USB-minne",479.0,TOSHIBA,32 GB,altosight.com//8489
"Sony Metal USB 3.1 Flash Drive 128 GB - Minneskort, USB-minne",849.0,SONY,128 GB,altosight.com//8490
"Sony Slim USB-minne USB-C/USB-A 64 GB - Minneskort, USB-minne",699.0,SONY,64 GB,altosight.com//8503
Toshiba Exceria Pro N401 SDHC kort 16 GB - Minneskort till kamera,199.0,TOSHIBA,16 GB,altosight.com//8547
"SanDisk Ultra Dual USB-C 3.1 flash drive 32 GB - Minneskort, USB-minne",329.0,SANDISK,32 GB,altosight.com//8560
"Sony Professional SR-128UZA Micro SDXC-kort 128 GB - Minneskort, USB-minne",1999.0,SONY,128 GB,altosight.com//8586
"Toshiba Exceria Pro M401 Micro SDHC kort 32 GB - Minneskort, USB-minne",299.0,TOSHIBA,32 GB,altosight.com//8592
Toshiba Exceria Pro M401 Micro SDXC kort 64 GB - Minneskort till kamera,499.0,TOSHIBA,64 GB,altosight.com//8593
Kingston SDXC 256GB Class 10 UHS\-I U3,469.0,Kingston,256 GB,altosight.com//8619
Toshiba microSD Exceria 16GB,29.99,TOSHIBA,16 GB,altosight.com//8699
Toshiba microSDHC 8GB,29.99,TOSHIBA,8 GB,altosight.com//8700
Kingston Data Traveler MicroDuo 3C 16GB USB 3.1 Gen1,49.99,Kingston,16 GB,altosight.com//8719
Kingston HyperX Savage 128GB USB 3.1,269.0,Kingston,128 GB,altosight.com//8729
SanDisk Cruzer Ultra Flair 256GB USB 3.0,429.0,SANDISK,256 GB,altosight.com//8754
Pam??ová karta Kingston SDHC 16GB Class4,527.0,Kingston,16 GB,altosight.com//8822
Pam??ová karta Kingston SDHC 32GB Class4,297.0,Kingston,32 GB,altosight.com//8824
Pam??ová karta Kingston SDXC 256GB UHS-I U3 (90R/80W),3199.0,Kingston,256 GB,altosight.com//8833
Pam??ová karta Kingston SDXC 512GB UHS-I U1 (90R/45W),7269.0,Kingston,512 GB,altosight.com//8834
USB Flash Sandisk Cruzer Blade 8GB ?erný,177.0,SANDISK,8 GB,altosight.com//8924
Intenso Basic Line USB 2.0 (8GB) USB-Speicherstick silber/schwarz,6.99,Intenso,8 GB,altosight.com//8969
Kingston HyperX Savage USB 3.1 (128GB) Speicherstick schwarz/rot,69.99,Kingston,128 GB,altosight.com//8986
Sandisk Cruzer Edge (8GB) USB-Speicherstick schwarz/rot,7.99,SANDISK,8 GB,altosight.com//9001
Sandisk Cruzer Blade (8GB) USB-Speicherstick schwarz/rot,6.99,SANDISK,8 GB,altosight.com//9030
Sandisk Cruzer Glide (256GB) USB-Speicherstick schwarz,59.99,SANDISK,256 GB,altosight.com//9034
Sandisk Ultra Dual Drive USB Type-C (32GB) Speicherstick,14.99,SANDISK,32 GB,altosight.com//9036
Sandisk Ultra Flair USB 3.0 (256GB) Speicherstick,79.95,SANDISK,256 GB,altosight.com//9043
Intenso Premium Line USB Stick (16GB),12.99,Intenso,16 GB,altosight.com//9051
Kingston SDHC Class 4 (16GB) Speicherkarte,16.99,Kingston,16 GB,altosight.com//9065
Sandisk SDHC (4GB) SDHC-Speicherkarte,6.99,SANDISK,4 GB,altosight.com//9070
SANDISK - Cruzer Edge 8GB red&nbsp;RED,6.99,SANDISK,8 GB,altosight.com//9225
Sony microSDXC 128 GB UHS-I U3 Class 10 + SD Adapter,189.0,SONY,128 GB,altosight.com//9409
Sony USM-CA MicroVault USB 3.1 64 GB – silber,52.9,SONY,64 GB,altosight.com//9437
Sony USM-M MicroVault USB 2.0 32 GB – weiß,39.9,SONY,32 GB,altosight.com//9439
Sony USM-QX MicroVault MACH USB 3.0 16 GB – schwarz,28.99,SONY,16 GB,altosight.com//9442
Clé USB 2.0 Lexar JumpDrive V30 64 Go Vert et blanc,,LEXAR,64 GB,altosight.com//9486
Toshiba EXCERIA - carte mémoire flash - 16 Go - microSDHC UHS-I,,TOSHIBA,16 GB,altosight.com//9538
Kingston - carte mémoire flash - 256 Go - SDXC UHS-I,,Kingston,256 GB,altosight.com//9542
Kingston - carte mémoire flash - 512 Go - SDXC UHS-I,,Kingston,512 GB,altosight.com//9552
Sony Usm32Gm Blanc,,SONY,32 GB,altosight.com//9574
Clé Usb Toshiba Transmemory Ex U382 32go Usb 3.0 (3.1 Gen 1) Type A Blanc Lecteur Usb Flash,,TOSHIBA,32 GB,altosight.com//9601
Lexar JumpDrive V30 - unidad flash USB - 64 GB ipec discount Lexar,52.05,LEXAR,64 GB,altosight.com//9633
Lexar JumpDrive V30 - unidad flash USB - 64 GB ASdiscount Lexar,57.85,LEXAR,64 GB,altosight.com//9634
Memoria USB Lexar JumpDrive S70 64GB Pendrive ipec discount Lexar,52.07,LEXAR,64 GB,altosight.com//9642
Memoria USB Sandisk Cruzer Edge 8 GB Pendrive Es Media Sandisk,32.66,SANDISK,8 GB,altosight.com//9648
Memoria USB Sandisk Cruzer Fit 4GB Pendrive EUROSHOP Sandisk,17.23,SANDISK,4 GB,altosight.com//9652
Memoria USB Sandisk Cruzer Fit 4GB Pendrive EUROSHOP Sandisk,17.23,SANDISK,4 GB,altosight.com//9653
Memoria USB Sandisk Cruzer Fit 4GB Pendrive EUROSHOP Sandisk,17.23,SANDISK,4 GB,altosight.com//9654
Memoria USB Sandisk Cruzer Fit 8GB Pendrive Es Media Sandisk,15.9,SANDISK,8 GB,altosight.com//9655
Memoria USB Kingston HyperX 3.0 128GB - Pendrive EUROSHOP Kingston Technology,312.6,Kingston,128 GB,altosight.com//9666
Intenso USB Drive 8GB - Pendrive / Memoria USB Es Media Intenso,8.96,Intenso,8 GB,altosight.com//9697
Sandisk Cruzer Fit - Pendrive / Memoria USB ASdiscount Sandisk,36.36,SANDISK,8 GB,altosight.com//9714
Sandisk Cruzer Fit 4GB - Pendrive / Memoria USB EUROSHOP Sandisk,28.72,SANDISK,4 GB,altosight.com//9715
"Kingston DataTraveler 101 Generación 2 DT101G2 - Memoria USB de 8 GB, rojo ASdiscount Kingston",43.56,Kingston,8 GB,altosight.com//9749
"Kingston DataTraveler 101 Generación 2 DT101G2 - Memoria USB de 8 GB, rojo ASdiscount Kingston",44.93,Kingston,8 GB,altosight.com//9750
Intenso Usb-drive 3.0 Premium Line 16 GB USB Stick -argent PreciosYa INTENSO,8.53,Intenso,16 GB,altosight.com//9791
Pendrive SanDisk Memoria USB 3.0 64G Excelvan Direct SanDisk,15.59,SANDISK,64 GB,altosight.com//9807
Kingston Technology DataTraveler 101 G2 8GB - Pendrive / Memoria USB ASdiscount Kingston Technology,44.47,Kingston,8 GB,altosight.com//9808
Pendrive Memoria USB 3.0 Sandisk Ultra Flair 256GB Fnac.es Sandisk,83.99,SANDISK,256 GB,altosight.com//9824
Memoria microSDHC Lexar 256GB 1000x UHS-II + Lector USB,343.99,LEXAR,256 GB,altosight.com//10003
Memoria SDHC Kingston 16GB Class 4,8.99,Kingston,16 GB,altosight.com//10076
Memoria Toshiba Exceria Ultra High SDHC clase 10 32GB,32.99,TOSHIBA,32 GB,altosight.com//10108
Memoria Toshiba microSDHC 16GB Class 10 Exceria Ultra High Speed UHS-I,10.99,TOSHIBA,16 GB,altosight.com//10109
Memoria SDHC Transcend 32GB Ultimate UHS-II U3,66.99,Transcend,32 GB,altosight.com//10114
Memoria microSDHC Sony 16GB SR-16A4 + Adaptador,14.99,SONY,16 GB,altosight.com//10166
Lexar MicroSDXC Professional 256GB UHS-II 1000x + USB Adapter,379.95,LEXAR,256 GB,altosight.com//10271
Lexar MicroSDXC Professional 256GB USH-II 1000x + USB Adapter,379.95,LEXAR,256 GB,altosight.com//10272
SONY microSDHC 128GB UHS-I U3 Class 10 95MB/s,6990.0,SONY,128 GB,altosight.com//10404
Carte Mémoire Sandisk ultra PLUS MicroSDHC 16Go 80Mo/seconde UHS-I avec adaptateur SD\n,17.04,SANDISK,16 GB,altosight.com//10446
Carte Mémoire Sandisk ultra PLUS SDXC 128Go 80Mo/seconde UHS-I\n,90.04,SANDISK,128 GB,altosight.com//10452
Clé USB Sandisk GLIDE 16 Go 3.0\n,12.91,SANDISK,16 GB,altosight.com//10481
Clé USB Sandisk GLIDE 64 GB 3.0\n,32.91,SANDISK,64 GB,altosight.com//10482
Kingston - carte mémoire flash - 32 Go - SDHC\n,150.0,Kingston,32 GB,altosight.com//10488
Kingston - carte mémoire flash - 16 Go - SDHC\n,37.28,Kingston,16 GB,altosight.com//10489
Intenso Basic Line - clé USB - 8 Go\n,16.05,Intenso,8 GB,altosight.com//10494
Kingston DataTraveler 101 G2 - clé USB - 8 Go\n,14.85,Kingston,8 GB,altosight.com//10496
Intenso Premium Line - clé USB - 16 Go\n,11.18,Intenso,16 GB,altosight.com//10531
Kingston - carte mémoire flash - 256 Go - SDXC UHS-I\n,158.02,Kingston,256 GB,altosight.com//10542
Kingston - carte mémoire flash - 512 Go - SDXC UHS-I\n,268.04,Kingston,512 GB,altosight.com//10546
"SONY HD-B1 Externe HDD, USB, 1 TB",89.9,SONY,1 TB,altosight.com//10712
SANDISK Ultra Flair 256 GB,89.9,SANDISK,256 GB,altosight.com//10768
SONY 128 GB,72.9,SONY,128 GB,altosight.com//10769
SONY Micro Vault R-Series,19.0,SONY,8 GB,altosight.com//10770
SONY Micro Vault R-Series,24.95,SONY,64 GB,altosight.com//10771
"SONY Micro Vault Tiny, 32 GB",22.95,SONY,32 GB,altosight.com//10779
Kingston - Flash-Speicherkarte - 512 GB - UHS Class 1 / Class10 -,319.0,Kingston,512 GB,altosight.com//10866
KINGSTON SDXC 256GB UHS-I Class 3,169.0,Kingston,256 GB,altosight.com//10869
Kingston HyperX Savage - USB-Flash-Laufwerk - 128 GB - USB 3.1 -,94.95,Kingston,128 GB,altosight.com//10950
Sony Micro Vault R-Series - USB-Flash-Laufwerk - 64 GB - USB 2.0,34.95,SONY,64 GB,altosight.com//10981
Sandisk Ultra USB 3.0 Flair 256GB,139.0,SANDISK,256 GB,altosight.com//10989
Sandisk Extreme Pro Micro SDHC 8GB Memory Card,19.97,SANDISK,8 GB,altosight.com//11108
"Sony Portable USB 3.1 Flash Storage Drive, 128GB",69.95,SONY,128 GB,altosight.com//11141
"Sony Professional UHS-I Class 10 U3 MicroSD Memory Card, 128GB, 95MB/s, with SD Adapter",249.95,SONY,128 GB,altosight.com//11153
Lexar Jumpdrive P20 64GB USB 3.0,39.0,LEXAR,64 GB,altosight.com//11164
Sony Type C &amp; A 64GB 3.1 130MB/s USB + Type C USB Stick (USM64CA1),52.95,SONY,64 GB,altosight.com//11184
Sony R serie 64GB USB 2.0 USB-Stick (USM64GR),94.99,SONY,64 GB,altosight.com//11187
USM64CA1,59.99,SONY,64 GB,altosight.com//11196
Pami?? SANDISK Cruzer Blade 8 GB,17.99,SANDISK,8 GB,altosight.com//11328
Pendrive SANDISK SDCZ73,359.09,SANDISK,256 GB,altosight.com//11355
SONY MPE Dual Connection USB 3.1 Type-C &amp; A 64 GB (USM-64CA1),59.99,SONY,64 GB,altosight.com//11514
SONY MPE USB-stick 64 GB Zwart (USM64GR),34.99,SONY,64 GB,altosight.com//11559
SONY MPE USB-stick 8 GB Zwart (USM8GR),8.99,SONY,8 GB,altosight.com//11560
SONY MPE USB-stick MicroVault 32 GB Wit (USM32GM),19.99,SONY,32 GB,altosight.com//11563
"TOSHIBA TransMemory U302, 128 GB, schwarz",47.0,TOSHIBA,128 GB,altosight.com//11569
"TOSHIBA TransMemory U302, 16 GB, schwarz",18.95,TOSHIBA,16 GB,altosight.com//11608
"TOSHIBA EXCERIA PRO M401, 32 GB",27.95,TOSHIBA,32 GB,altosight.com//11627
"TOSHIBA EXCERIA PRO M401, 64 GB",49.95,TOSHIBA,64 GB,altosight.com//11637
"TOSHIBA EXCERIA PRO N401, 16 GB",19.95,TOSHIBA,16 GB,altosight.com//11651
LEXAR MicroSD SDXC 256GB 1000X,359.0,LEXAR,256 GB,altosight.com//11683
JVC 4GB Sandisk,6.99,SANDISK,4 GB,altosight.com//11789
SANDISK USB 16 GB Bianco,10.99,SANDISK,16 GB,altosight.com//11862
JVC 4GB Sandisk,12.99,SANDISK,4 GB,altosight.com//11904
Externí disk SanDisk Ultra Flair 256GB USB 3.0,3390.0,SANDISK,256 GB,altosight.com//12077
KINGSTON HX SAVAGE USB 3.1/3.0 128GB\n,83.8,Kingston,128 GB,altosight.com//12157
LEXAR JUMPDRIVE V10 16GB (FP)-\n,13.04,LEXAR,16 GB,altosight.com//12164
LEXAR KEY USB 64GO S70\n,66.63,LEXAR,64 GB,altosight.com//12168
Kingston - flashgeheugenkaart - 32 GB - SDHC\n,150.0,Kingston,32 GB,altosight.com//12175
Kingston - flashgeheugenkaart - 16 GB - SDHC\n,37.28,Kingston,16 GB,altosight.com//12176
Kingston DataTraveler 101 G2 - USB-flashstation - 8 GB\n,14.85,Kingston,8 GB,altosight.com//12183
SanDisk Mobile Ultra - flashgeheugenkaart - 4 GB - microSDHC UHS-I\n,28.59,SANDISK,4 GB,altosight.com//12189
SanDisk Cruzer Fit - USB-flashstation - 8 GB\n,31.91,SANDISK,8 GB,altosight.com//12190
SanDisk Cruzer - USB-flashstation - 16 GB\n,14.9,SANDISK,16 GB,altosight.com//12215
Kingston - flashgeheugenkaart - 256 GB - SDXC UHS-I\n,158.02,Kingston,256 GB,altosight.com//12216
Kingston - flashgeheugenkaart - 512 GB - SDXC UHS-I\n,268.04,Kingston,512 GB,altosight.com//12222
Toshiba TransMemory U302 - USB-flashstation - 128 GB\n,50.83,TOSHIBA,128 GB,altosight.com//12245
Sandisk Cruzer Blade 8Gb\n,150.0,SANDISK,8 GB,altosight.com//12272
SANDISK CRUZER EDGE 8GB-\n,10.5,SANDISK,8 GB,altosight.com//12275
SanDisk Cruzer Fit - USB-flashstation - 4 GB\n,17.23,SANDISK,8 GB,altosight.com//12279
SanDisk Cruzer Fit - USB-flashstation - 8 GB\n,10.81,SANDISK,8 GB,altosight.com//12281
SanDisk Cruzer Glide - USB-flashstation - 8 GB\n,77.15,SANDISK,8 GB,altosight.com//12286
SanDisk Extreme Pro - USB-flashstation - 32 GB\n,59.9,SANDISK,32 GB,altosight.com//12308
SANDISK MICROSDHC 16GB 80MB/S CL10\n,17.04,SANDISK,16 GB,altosight.com//12316
SANDISK SDXC 128GB 80MB/S CL10\n,90.04,SANDISK,128 GB,altosight.com//12348
Sony dual-flashdrive USB Type-C en type A 64-Gb-connector + siliconenhoes\n,70.04,SONY,64 GB,altosight.com//12373
Shop Samsung Galaxy A20 Dual SIM Deep Blue 32GB 4G LTE online in Egypt,2594.0,Samsung,,altosight.com//12400
Shop Samsung Galaxy A30 Blue 64GB 4G LTE online in Egypt,3480.0,Samsung,,altosight.com//12402
Shop Samsung Galaxy A30 Dual SIM White 64GB 4G LTE online in Egypt,3550.0,Samsung,,altosight.com//12404
Shop Samsung Galaxy A30 White 64GB 4G LTE online in Egypt,3480.0,Samsung,,altosight.com//12405
Shop Samsung Galaxy A30 White 64GB 4G LTE online in Egypt,3479.0,Samsung,,altosight.com//12406
Shop Samsung Galaxy A50 Blue 128GB 4G LTE online in Egypt,4784.0,Samsung,,altosight.com//12407
Shop Samsung Galaxy A50 Dual SIM Black 128GB 4G LTE online in Egypt,4675.0,Samsung,,altosight.com//12408
Shop Samsung Galaxy A70 Dual SIM Black 128GB 4G LTE online in Egypt,6399.0,Samsung,,altosight.com//12412
Shop Samsung Galaxy A70 Dual SIM White 128GB 4G LTE online in Egypt,6399.0,Samsung,,altosight.com//12413
Shop Samsung Galaxy A9 (2018) Dual SIM Bubblegum Pink 128GB 4G LTE online in Egypt,5499.0,Samsung,,altosight.com//12414
Shop Samsung Galaxy J4 Plus Dual SIM Black 32GB 4G LTE online in Egypt,2259.0,Samsung,,altosight.com//12415
Shop Samsung Galaxy J4 Plus Dual SIM Pink 32GB 4G LTE online in Egypt,2399.0,Samsung,,altosight.com//12416
Shop Samsung Galaxy Note9 Dual SIM Midnight Black 128GB 4G LTE online in Egypt,11666.0,Samsung,,altosight.com//12417
Shop Samsung Galaxy Note9 Dual SIM Ocean Blue 512GB 4G LTE online in Egypt,13999.0,Samsung,,altosight.com//12418
Shop Samsung Galaxy S10 Plus Dual SIM Prism Black 128GB 4G LTE online in Egypt,15899.0,Samsung,,altosight.com//12419
Shop Samsung Galaxy S10 Plus Dual SIM Prism Green 128GB 4G LTE online in Egypt,16666.0,Samsung,,altosight.com//12420
Toshiba EXCERIA PRO M401 - Flash-Speicherkarte (microSDXC-an-SD-Adapter inbegriffen) -,37.6,TOSHIBA,64 GB,altosight.com//12476
"Toshiba TransMemory U302, 128 GB, 3.0 (3.1 Gen 1), USB-Anschluss Typ A, Kappe, 7,8 g,",42.78,TOSHIBA,128 GB,altosight.com//12489
128GB HX Savage USB 3.1/3.0 KINGSTON Achat dans le rayon Clés USB USB 3.1,88.9,Kingston,128 GB,altosight.com//12541
Data Traveler 101 rouge - 8 Go - Usb 2.0 Kingston Achat dans le rayon Clés USB Usb 2.0,9.64,Kingston,8 GB,altosight.com//12586
DataTraveler microDuo 3C 16 Go KINGSTON Achat dans le rayon Clés USB USB 3.1,24.9,Kingston,16 GB,altosight.com//12589
JumpDrive S70 - 64 Go LEXAR Achat dans le rayon Clés USB USB 2.0,34.99,LEXAR,64 GB,altosight.com//12627
JumpDrive V30 64 Go Lexar Achat dans le rayon Clés USB Usb 2.0,45.28,LEXAR,64 GB,altosight.com//12630
"Abi Diffusion Clé Usb 2,0 Cruzer Fit - 32Go Sandisk Achat dans le rayon Clés USB Usb",20.7,SANDISK,8 GB,altosight.com//12673
Clé USB sécurisée CRUZER Glide Flash Drive 64Go SANDISK Achat dans le rayon Clés USB USB 3.0,46.63,SANDISK,64 GB,altosight.com//12726
Usb Key 8 Gb 2 Year Warranty Sony Achat dans le rayon Clés USB Usb 2.0,11.47,SONY,8 GB,altosight.com//12801
Clé USB 128 Go - THN-U302K1280MF - Noir TOSHIBA Achat dans le rayon Clés USB USB 3.0,55.96,TOSHIBA,128 GB,altosight.com//12814
Clé USB 3.0 - 16 Go TOSHIBA Achat dans le rayon Clés USB USB 3.0,8.9,TOSHIBA,16 GB,altosight.com//12816
Clé Usb Thn-u382W0320E4 32 Gb Blanc Toshiba Achat dans le rayon Clés USB Nc,20.99,TOSHIBA,32 GB,altosight.com//12819
Clé Usb Thn-u382W0320E4 32 Gb Blanc Toshiba Achat dans le rayon Clés USB Nc,20.98,TOSHIBA,32 GB,altosight.com//12820
"TOSHIBA USB-Stick TransMemory U302 128GB, schwarz (THN-U302K1280MF)",49.99,TOSHIBA,128 GB,altosight.com//12936
"INTENSO Premium Line, USB-Stick, USB 3.0, 16 GB",10.99,Intenso,16 GB,altosight.com//12952
"SANDISK Dual USB Typ-C™, USB Typ-C™ Flash-Laufwerk, USB 3.0, 128 GB",46.99,SANDISK,128 GB,altosight.com//12978
"SanDisk Cruzer Blade schwarz 16GB, USB 2.0",9.9,SANDISK,16 GB,altosight.com//13144
Tesco direct: Intenso 3503450 Swivel USB Flash Drive,7.33,Intenso,8 GB,altosight.com//13156
Tesco direct: Intenso Premium Line 16GB USB 3.0 (3.1 Gen 1) Type-A Silver,26.05,Intenso,16 GB,altosight.com//13163
Tesco direct: Kingston DataTraveler 101 G2 DT101G2/8GB 8 GB USB 2.0 Flash Drive - Red - 1 Pack,7.78,Kingston,8 GB,altosight.com//13209
Tesco direct: Kingston Technology SDXC UHS-I U3 (SDA3) 256GB UHS Class 3 memory,,Kingston,256 GB,altosight.com//13237
Tesco direct: Lexar 64GB JumpDrive V30 USB Flash Drive,51.06,LEXAR,64 GB,altosight.com//13242
Tesco direct: Lexar JumpDrive P20 64 GB USB 3.0 Flash Drive - Black,50.14,LEXAR,64 GB,altosight.com//13251
Tesco direct: Lexar JumpDrive S70 64GB USB Memory Flash Drive - (White) Small Blister,26.09,LEXAR,64 GB,altosight.com//13256
Tesco direct: Lexar Media JumpDrive V10 16 GB USB 2.0 Flash Drive - Orange,10.13,LEXAR,16 GB,altosight.com//13264
Tesco direct: SanDisk Cruzer Glide USB 2.0 Flash Drive 8GB,8.22,SANDISK,8 GB,altosight.com//13305
Tesco direct: SanDisk Cruzer U USB Flash Drive  Blue,15.24,SANDISK,32 GB,altosight.com//13307
Tesco direct: Sony USM128WE3 128GB USB 3.0 (3.1 Gen 1) Type-A Black flash drive,155.76,SONY,128 GB,altosight.com//13420
Tesco direct: Sony USM8GR Micro Vault Midi 8GB Pen Drive,14.0,SONY,8 GB,altosight.com//13427
Tesco direct: Toshiba THN-M401S0320E2 32GB MicroSD NAND Class 10 memory card,25.06,TOSHIBA,32 GB,altosight.com//13442
Tesco direct: Toshiba THN-M401S0640E2 64GB MicroSD NAND Class 10 memory card,45.64,TOSHIBA,64 GB,altosight.com//13443
"Sandisk Cruzer Blade, 8GB USB 2.0 Nero, Blu, Bianco USB flash drive",18.99,SANDISK,8 GB,altosight.com//13463
Lexar JumpDrive V10 16GB USB 2.0 Tipo-A Blu unità flash USB,10.99,LEXAR,16 GB,altosight.com//13477
Sony USM32GM,24.99,SONY,32 GB,altosight.com//13518
Sony USM64GQX,83.99,SONY,64 GB,altosight.com//13522
Sony USM64GR,59.99,SONY,64 GB,altosight.com//13523
Sony USM8GR,8.99,SONY,8 GB,altosight.com//13529
Sony SR-16A4,11.9,SONY,16 GB,altosight.com//13605
Sony USB-Stick 8GB 2.0 USM Midi Model (USM8GR) bei,9.99,SONY,8 GB,altosight.com//13629
Sony 128GB UHS-I Professional microSD Card,299.0,SONY,128 GB,altosight.com//13740
Pendrive KINGSTON HyperX Savage 128GB,75.49,Kingston,128 GB,altosight.com//13810
Memoria SD 512 GB SDXC Class 10 UHS-I,269.0,Kingston,512 GB,altosight.com//13914
